image,label
0.jpg,ط ج ج ٩ ٧ ١ ٥
1.jpg,ل أ ص ٩ ٥ ٢ ٣
10.jpg,ع ر ب ١
100.jpg,ط ع ٦ ٤ ٣ ٥
1000.jpg,ق ن ص ٢ ٦ ٥
1001.jpg,ط ه ن ٤ ١ ٣ ١
1002.jpg,أ ط س ٧ ٤ ٩ ٦
1003.jpg,ن ه أ ٤ ٧ ٨
1004.jpg,س ر أ ٣ ٧ ٢
1005.jpg,ق ى س ٣ ٨ ٥ ٦
1006.jpg,ق ب ط ٥ ١ ٧
1007.jpg,ف م م ٢ ٦ ٣
1008.jpg,ف م م ٢ ٦ ٣
1009.jpg,ى و ج ٦ ٣ ٩
101.jpg,ف ر س ٦ ٦ ٦
1010.jpg,أ ق س ٥ ٦ ١ ٤
1011.jpg,ق ق ل ٥ ١ ٨
1012.jpg,ن ف أ ٧ ٦ ١
1013.jpg,ب ى ب ٥ ٨ ٩
1014.jpg,ف ص أ ٦ ٤ ٢
1015.jpg,ط ه و ٩ ٤ ٦
1016.jpg,م م ع ٥ ٣ ٤
1017.jpg,م م ع ٥ ٣ ٤
1018.jpg,ق ف ن ٨ ٦ ١
1019.jpg,ق ف ن ٨ ٦ ١
102.jpg,ن ب ٩ ٨ ٩ ٥
1020.jpg,ق ف ن ٨ ٦ ١
1021.jpg,ل د ه ٦ ٥ ١
1022.jpg,ن ص ص ٩ ٥ ٧
1023.jpg,س ق ع ٨ ٣ ٢
1024.jpg,ق ل ن ١ ٦ ٩
1025.jpg,أ ج م ١ ٩ ٧ ٨
1026.jpg,ب م س ٣ ٧ ١
1027.jpg,أ ر ج ١ ٣ ١ ٨
1028.jpg,أ ط ع ١ ٦ ٧ ٩
1029.jpg,س ق ج ٦ ٥ ١
103.jpg,د ص ٨ ٢ ٧ ١
1030.jpg,ل ط ن ٨ ٩ ١
1031.jpg,ب د ن ٣ ٤ ٩
1032.jpg,أ ط ج ٧ ٨ ٤ ٦
1033.jpg,ى و ج ٦ ٣ ٩
1034.jpg,أ ر ج ١ ٣ ١ ٨
1035.jpg,س و ٤ ٦ ١ ٥
1036.jpg,ن ل ع ١ ٦ ٤
1037.jpg,ر ق ل ٢ ٥ ٧
1038.jpg,ل ط ن ٨ ٩ ١
1039.jpg,ر د أ ١ ٩ ٨ ٧
104.jpg,ل ط ج ٧ ٦ ٥ ٤
1040.jpg,س ع ل ٦ ٤ ٢
1041.jpg,و ص أ ٩ ١ ٦
1042.jpg,ق ى أ ٢ ٩ ٦ ٥
1043.jpg,ق ى س ٣ ٨ ٥ ٦
1044.jpg,ب و س ٤ ٢ ٨
1045.jpg,س ل ى ٩ ٤ ٨
1046.jpg,أ ج م ٤ ٥ ٣ ٧
1047.jpg,ص ل ع ٦ ٤ ٣
1048.jpg,ف ل ل ٦ ٥ ١
1049.jpg,أ ى ط ٣ ٢ ٦ ٧
105.jpg,ر ر ر ٥ ٥ ٥
1050.jpg,ط ص ن ٨ ٧ ٤
1051.jpg,س ع ع ٦ ٧ ٨
1052.jpg,أ ق ع ٥ ٩ ١ ٤
1053.jpg,ف ل ل ٦ ٥ ١
1054.jpg,ى د ل ٥ ٧ ٣
1055.jpg,ه و ف ٧ ١ ٢
1056.jpg,د ر ف ٢ ٨ ١
1057.jpg,ص و أ ٧ ٨ ٢
1058.jpg,س د م ٣ ٢ ٩ ٧
1059.jpg,ل ه س ١ ٩ ٣
106.jpg,ع ه ٥ ٣ ٢ ١
1060.jpg,ب د ن ٣ ٤ ٩
1061.jpg,م أ ف ٨ ٤ ١
1062.jpg,د ج ل ٥ ٣ ٤
1063.jpg,س ر د ٨ ١ ٦ ٧
1064.jpg,و و ع ١ ٥ ٤
1065.jpg,أ م ج ٥ ١ ٥ ٨
1066.jpg,ص و أ ٧ ٨ ٢
1067.jpg,أ م ط ٩ ٣ ٦ ٤
1068.jpg,ل ن أ ٥ ٢ ٨
1069.jpg,ط ر ر ١ ٥ ٨
107.jpg,ف ج ط ٤ ٥ ٣ ٨
1070.jpg,م و ط ٨ ٢ ٩
1071.jpg,و ر أ ٥ ١ ٣
1072.jpg,و ص ى ٩ ٤ ٥
1073.jpg,م ع ١ ٤ ٧ ٦
1074.jpg,ع ط ب ٦ ٢ ١
1075.jpg,د ف ى ٣ ٢ ٤
1076.jpg,ط م ن ٥ ٣ ٨
1077.jpg,ى أ و ٢ ١ ٧
1078.jpg,أ ب ق ٣ ٨ ٤
1079.jpg,ر د ف ١ ٢ ٣
108.jpg,ن م ل ٣ ٥ ٤
1080.jpg,ق أ ل ٦ ٣ ٢
1081.jpg,ر د ف ١ ٢ ٣
1082.jpg,ط ب ط  ٩ ٧ ٦
1083.jpg,و ص ل ٢ ٤ ٨
1084.jpg,أ ف ط ٤ ١ ٣ ٦
1085.jpg,و ص ى ٩ ٤ ٥
1086.jpg,ج ط د ٦ ٤ ٢
1087.jpg,س ج د ٤ ١ ١ ٨
1088.jpg,أ ن س ٤ ١ ٢ ٨
1089.jpg,ى م ٦ ٣ ٧ ٨
109.jpg,ل أ ف ١ ٢ ٤
1090.jpg,ر ى ٢ ٣ ٥ ٥
1091.jpg,ط ن ٩ ٢ ٨ ٧
1092.jpg,ى و س ٥ ٦ ٤ ٣
1093.jpg,ط ن ٩ ٢ ١ ٢
1094.jpg,ب و ج ٩ ٧ ٤ ٢
1095.jpg,س أ ٣ ٥ ٩ ٩
1096.jpg,د و ق ٥ ١ ٩ ٢
1097.jpg,ر ق ل ٢ ١ ٥
1098.jpg,ن ه ٩ ١ ٨ ٤
1099.jpg,ه ن س ٨ ٩ ٦ ٧
11.jpg,ر ب ج ٥ ٨ ١
110.jpg,أ د م ٧
1100.jpg,د و ٦ ٢ ٥ ٣
1101.jpg,ص ق ن ٤ ٦ ٧
1102.jpg,ب د ن ٥ ١ ٤
1103.jpg,ل و ع ٧ ٨ ٤
1104.jpg,و د ق ٣ ٨ ٩
1105.jpg,ى ط ٧ ٢ ٦ ١
1106.jpg,و و ١ ٤ ٥ ٥
1107.jpg,د ط ط ٦ ٩ ٢
1108.jpg,ر ر س ٤ ٥ ١
1109.jpg,ق ه ى ٩ ٣ ٦
111.jpg,ف ج ط ٦ ٢ ٨ ٣
1110.jpg,ط و ٩ ٣ ٥ ٣
1111.jpg,ط د م ٩ ٥ ١ ٥
1112.jpg,ب ص ق ٧ ٩ ٢
1113.jpg,د ف ٥ ٢ ٦ ٩
1114.jpg,ف ج ٣ ٤ ٦ ٧
1115.jpg,د ق ٤ ١ ٧ ٢
1116.jpg,د و ٤ ٧ ٢ ٦
1117.jpg,د ع ٦ ١ ٧ ٣
1118.jpg,ج م ف ٤ ٢ ٥ ٩
1119.jpg,ى ج س ٣ ٧ ٩ ٢
112.jpg,ب ب ع ٤ ٨ ١
1120.jpg,م ه ٧ ٦ ٩ ٨
1121.jpg,ى ق ٦ ٦ ٣ ١
1122.jpg,أ ل ف ٥ ٨ ٣ ٤
1123.jpg,ج ف ٨ ٤ ٢ ٢
1124.jpg,م ه ٧ ٦ ٩ ٨
1125.jpg,ل ه ١ ٣ ٨ ٢
1126.jpg,س م ٦ ٣ ٥ ٢
1127.jpg,ج ب ب ٧ ٣ ٥
1128.jpg,د ع ٦ ١ ٧ ٢
1129.jpg,أ م ٥ ٨ ٢ ١
113.jpg,ص ج ى ٧ ٦ ٨ ٣
1130.jpg,ط م ٥ ٩ ٢ ٤
1131.jpg,ن ل ٢ ٩ ٨ ٧
1132.jpg,أ ع ٢ ٧ ٥ ٩
1133.jpg,أ ر ى ٨ ٤ ٢ ٩
1134.jpg,ب ن ٤ ٧ ٦ ١
1135.jpg,م و ٤ ٥ ٩ ٧
1136.jpg,ل ه ٧ ٩ ٢ ٦
1137.jpg,أ و ٦ ٥ ٦ ٨
1138.jpg,ف ط ٧ ١ ٨ ٣
1139.jpg,م ج ج ٥ ٧ ١
114.jpg,أ أ أ ٧ ٧ ٧ ٧
1140.jpg,ط ل ٦ ٧ ٢ ٨
1141.jpg,س ف ١ ٤ ٦ ٢
1142.jpg,ط ق ٢ ٤ ٩ ٩
1143.jpg,ف ج ٣ ١ ٦ ٨
1144.jpg,ص ج ٤ ٤ ٧ ٨
1145.jpg,أ م ٨ ٧ ٢ ٤
1146.jpg,س ع ٣ ٦ ٥ ٩
1147.jpg,ط ق ٢ ٤ ٩ ٩
1148.jpg,ف ق ٦ ٢ ٢ ٤
1149.jpg,ط و ٢ ٢ ١ ٨
115.jpg,ص ق ر ٦ ٦ ٦ ٦
1150.jpg,م س ق ٨ ٩ ٥
1151.jpg,ر ل ٤ ٦ ٣ ١
1152.jpg,أ ب ط ٢ ٣ ٤ ٧
1153.jpg,س ص و ٧ ٣ ٦
1154.jpg,ر ل ى ٨ ١ ٦
1155.jpg,ل ج ٦ ٣ ١ ٥
1156.jpg,ر ه ٥ ٤ ١ ١
1157.jpg,ج ع ٣ ٨ ٩ ٦
1158.jpg,ن ى ٣ ٢ ٨ ٩
1159.jpg,ق أ ٣ ٩ ٢ ٨
116.jpg,ق د ك ٦ ٥ ٤
1160.jpg,ى ط ٨ ٥ ١ ٣
1161.jpg,ط ط ٢ ٣ ٨ ٤
1162.jpg,ر م أ ٣ ٨ ٢
1163.jpg,ف د ج ٢ ٩ ٧
1164.jpg,ن ج ٣ ٨ ٧ ٩
1165.jpg,ج د ١ ٨ ٧ ٣
1166.jpg,ب م ٩ ٢ ٤ ٥
1167.jpg,ب ع ١ ٧ ٦ ٤
1168.jpg,ج و ٢ ٤ ٨ ٥
1169.jpg,ص ن ٩ ٣ ٦ ٢
117.jpg,ف أ أ ٨ ٦ ٩ ٣
1170.jpg,ق ى ٣ ٢ ٧ ٦
1171.jpg,ص ف ٧ ٢ ٩ ٣
1172.jpg,و ج ٩ ٥ ١ ٢
1173.jpg,ق م ١ ٢ ٣ ٩
1174.jpg,أ ف ٩ ٧ ٦ ٣
1175.jpg,ص ه ٢ ٦ ٣ ٥
1176.jpg,ل و ٦ ٢ ١ ٨
1177.jpg,ر ع ٣ ٧ ٥ ١
1178.jpg,س ج ٥ ٧ ٣ ٥
1179.jpg,ق ى ع ٧ ٤ ٣
118.jpg,ل ن د ٧ ٩ ٣ ٨
1180.jpg,ج م ٧ ٩ ٦ ١
1181.jpg,ط ع ٨ ٣ ٦ ١
1182.jpg,ق ق ٢ ٥ ٤ ٧
1183.jpg,س ج ٦ ٦ ٧ ١
1184.jpg,س ل ٤ ٧ ٣ ٢
1185.jpg,ى ص ٢ ٣ ٧ ٧
1186.jpg,و ن ٣ ٦ ٧ ٥
1187.jpg,ه ط ٣ ٤ ٩ ٦
1188.jpg,أ ف ٣ ٤ ٢ ٩
1189.jpg,أ ط ٢ ٤ ٦ ٢
119.jpg,ق د ج ٦ ٥ ٤
1190.jpg,و ل ٢ ٥ ٤ ٦
1191.jpg,ف ن د ٢ ٦ ٨ ٤
1192.jpg,ع ه ٦ ٨ ٧ ٣
1193.jpg,س و ٣ ٨ ٦ ٤
1194.jpg,أ ط ى ٢ ٤ ٧ ١
1195.jpg,ر أ ٤ ٨ ٢ ٥
1196.jpg,س ق ٤ ٩ ٢ ٦
1197.jpg,ط و ٩ ٤ ٢ ١
1198.jpg,ه ج ٧ ١ ٢ ٤
1199.jpg,د ى ٣ ٨ ١ ٦
12.jpg,ج و ٧ ٦ ١ ٦
120.jpg,ق س ل ٩ ٥ ١ ٣
1200.jpg,ق ف ٧ ٦ ٩ ٣
1201.jpg,ب د ١ ٨ ٦ ٩
1202.jpg,ج و ٤ ٩ ٣ ٥
1203.jpg,ط و ٦ ١ ٦ ٨
1204.jpg,د ب ف ٤ ٩ ٧
1205.jpg,و ع ١ ٨ ٦ ٧
1206.jpg,أ ل ٥ ٤ ٦ ٢
1207.jpg,ج و ٧ ٢ ٥ ٣
1208.jpg,ل ق ٥ ٤ ٢ ٨
1209.jpg,ن ج ٦ ٤ ٢ ٥
121.jpg,م م م ١
1210.jpg,ف م ٧ ٢ ٩ ١
1211.jpg,ف ج ٣ ٦ ٨ ٥
1212.jpg,ر و ٦ ٢ ٣ ٧
1213.jpg,ر ى ٨ ٤ ٩ ٩
1214.jpg,د و ٣ ٨ ٦ ٨
1215.jpg,م ق ١ ٤ ٦ ٧
1216.jpg,ط م ٤ ٥ ٢ ٨
1217.jpg,ى ه ٧ ١ ٨ ٤
1218.jpg,س و ٣ ٣ ٨ ٢
1219.jpg,س ج ٨ ٦ ٦ ٩
122.jpg,ق ى ٣ ٣ ٤ ٨
1220.jpg,ن ل ٥ ١ ٦ ٨
1221.jpg,ف ف ٩ ٣ ٥ ٢
1222.jpg,س ف ٥ ٦ ٦ ١
1223.jpg,و أ ٥ ٦ ٨ ٧
1224.jpg,ق ق ٢ ١ ٥ ١
1225.jpg,س و ٢ ٩ ٧ ٢
1226.jpg,ف و ٨ ١ ٣ ٩
1227.jpg,د ى ٩ ١ ٣ ٨
1228.jpg,ط ل و ٥ ٤ ٦ ٧
1229.jpg,ن ج ١ ٤ ٦ ٨
123.jpg,ع ه ٥ ٣ ٢ ١
1230.jpg,س ف ٦ ٧ ٥ ٤
1231.jpg,ق و ٦ ٨ ٨ ٣
1232.jpg,ى م ٢ ٦ ٤ ٥
1233.jpg,و ع ٢ ٦ ٥ ٨
1234.jpg,أ ج ٤ ٦ ٧ ٦
1235.jpg,أ ن ٥ ٦ ٣ ٨
1236.jpg,ف ع ٦ ٣ ٢ ٧
1237.jpg,ر ى ٧ ١ ١ ٢
1238.jpg,ه و ٢ ٧ ١ ٩
1239.jpg,ب ل ٦ ٢ ٩ ٥
124.jpg,ر و ق ٦ ٦ ٦ ٦
1240.jpg,ه و ٢ ٧ ١ ٩
1241.jpg,ر ى ٧ ١ ١ ٢
1242.jpg,ن ج ٨ ٢ ٩ ٤
1243.jpg,ب ل ٦ ٢ ٩ ٥
1244.jpg,ع ى س ٤ ٩ ٣ ٨
1245.jpg,ق م ط ٦ ٨ ٥ ٤
1246.jpg,ف ق أ ٦ ٥ ١
1247.jpg,ع ه ٢ ١ ٤ ٣
1248.jpg,ر ل ٤ ٤ ٨ ٥
1249.jpg,ط ه ص ٩ ٥ ٢ ٤
125.jpg,س ى د ١ ١ ١ ١
1250.jpg,ج م ط ٨ ٥ ٦
1251.jpg,ط ع ٢ ٨ ٩ ٤
1252.jpg,ن ر ١ ٤ ٦ ٦
1253.jpg,م و ٣ ٧ ١ ١
1254.jpg,س و ٣ ٩ ٢ ٨
1255.jpg,د و ص ٥ ٧ ٩ ٦
1256.jpg,ن ق ١ ٩ ٤ ٦
1257.jpg,ص ب ج ٧ ٨ ١
1258.jpg,ى ط ٥ ٨ ٣ ٤
1259.jpg,ط ر ع ١ ٤ ٥ ٢
126.jpg,أ ط ى ٤ ٢ ٨ ١
1260.jpg,س ق ٩ ١ ٥ ٦
1261.jpg,أ ن ج ٤ ٥ ١ ٧
1262.jpg,ى ف ف ١ ٩ ٤
1263.jpg,ن ر ر ١ ٥ ٩
1264.jpg,ى ل ٩ ٦ ٨ ٥
1265.jpg,ق ع ٣ ٨ ٩ ٦
1266.jpg,ر ق ٢ ٤ ٥ ٢
1267.jpg,ن ر ٩ ٨ ٩ ٦
1268.jpg,د ع و ٦ ١ ٤
1269.jpg,س ى ٥ ٩ ٤ ١
127.jpg,ى و ٣ ٨ ١ ٣
1270.jpg,ى ل ى ٤ ١ ٨
1271.jpg,ق ى ٢ ٣ ٥ ١
128.jpg,ه ق ٥ ٣ ٩ ٩
129.jpg,ى ط ٦ ٧ ٨ ٧
13.jpg,ر ى س ٤ ٤ ٤
130.jpg,ط د ى ٥ ٨ ٢
131.jpg,ن ف ٣ ٣ ٣ ٣
132.jpg,ه أ م ٧ ٧ ٧
133.jpg,ق أ ٧ ٤ ٥ ٤
134.jpg,س م ٦ ٦ ٦ ٦
135.jpg,ع ن ه ١ ٦ ٨
136.jpg,ط ع ٦ ٤ ٣ ٥
137.jpg,م د ه ٩ ٣ ٧ ٨
138.jpg,ص ج أ ٤ ٦ ٥ ٤
139.jpg,م ط ر ١
14.jpg,د ق ٥ ٤ ٧ ٣
140.jpg,أ س د ١
141.jpg,ن ن ن ٦ ٦ ٦ ٦
142.jpg,ط و ٤ ٥ ٤ ٢
143.jpg,أ د ٢ ٦ ٥ ٧
145.jpg,ع ع ٢
146.jpg,أ ع ١
147.jpg,ع ى ط ٧ ٨ ٢
148.jpg,ق ب ط ٩ ٣ ١
149.jpg,ص ر ى ٣ ٥ ١ ٢
15.jpg,ل ع د ٩ ١ ٤ ٨
150.jpg,ل ب ج ٥ ٩ ٨ ٦
151.jpg,س ق م ١ ٧ ٩ ٤
152.jpg,ر ب ل ٩ ٨ ٧ ١
153.jpg,أ ن س ١
154.jpg,د ١
155.jpg,أ أ ج ٨ ٧ ٦ ٩
156.jpg,م س م ٧ ٧ ٧
157.jpg,س ى ف ١
158.jpg,ب و ج ٩ ٧ ٤ ٢
159.jpg,ق ن ه ١ ٧ ٢ ٦
16.jpg,ن س ر ٧ ٧ ٧ ٧
160.jpg,ف ه ر ٧ ٥ ١ ٣
161.jpg,ف و ف ٢ ٧ ٦
162.jpg,ع س ط ٤ ٢ ١ ٥
163.jpg,ه  ى ١ ٦ ٩ ٧
164.jpg,ل ر د ٩ ٤ ٢ ١
165.jpg,ف أ ى ٨ ١ ٧ ٩
166.jpg,ف ه د  ٦ ٦ ٦ ٦
167.jpg,س ب ٥ ٢ ١ ٤
168.jpg,ن ى ق ٥ ٢ ١
169.jpg,ف و ٧ ٦ ٤ ٤
17.jpg,ه أ م ٧ ٧ ٧
170.jpg,م ى ٦ ٥ ٢ ٨
171.jpg,ل ن ع ٢ ٧ ٨
172.jpg,ر ى ن ٥ ٥ ٥ ٥
173.jpg,أ ه ص ١ ٤ ٧
174.jpg,ف ج ل ١ ٢ ٣ ٨
175.jpg,ه ر م ١ ١ ١
176.jpg,أ أ أ ٤ ٤ ٤ ٤
177.jpg,ط ع ٦ ٤ ٣ ٥
178.jpg,م ف أ ٥ ٦ ٢ ٤
179.jpg,د أ ٣ ٨ ٤ ٣
18.jpg,ل أ ف ١ ٢ ٤
180.jpg,ق أ ١ ٢ ٤ ٦
181.jpg,ع س ص ٦ ٥ ٧ ٩
182.jpg,أ س د ٨ ٨ ٨
183.jpg,ن و ر ٣ ٣ ٣ ٣
184.jpg,ف ب أ ١ ٨ ٣ ٧
185.jpg,ط ل ق ٦ ٦ ٦
186.jpg,ل ط ه ٣ ٩ ٦
187.jpg,م ج ٩ ٥ ٦ ٨
188.jpg,ج ن أ ٦ ٦ ٦
189.jpg,ط ل ق ٦ ٦ ٦
19.jpg,د ن ل ٤ ٩ ٢
190.jpg,ع م ر ٩ ٩ ٩ ٩
191.jpg,ى ط ٦ ٧ ٨ ٧
192.jpg,ب و ٦ ٦ ٤ ٧
193.jpg,ر ف و ١ ٩ ٦ ٢
194.jpg,ف د ط ١ ٧ ٥ ٦
195.jpg,م د أ ٥ ٦ ٩ ٤
196.jpg,ل ر د ٩ ٤ ٢ ١
197.jpg,ر ر ر ٥ ٥ ٥
198.jpg,و ج ق ٤ ١ ٣ ٨
199.jpg,و ج ق ٤ ١ ٣ ٨
2.jpg,ص ق ر ٦ ٦ ٦ ٦
20.jpg,ط ر ى ٢ ٧ ٦
200.jpg,ر و ٤ ٤ ٢ ٨
201.jpg,ن و ر ٣ ٣ ٣ ٣
202.jpg,ج و و ١ ١ ١
203.jpg,م ع ١
204.jpg,ب و ط ١ ٦ ٤ ٣
205.jpg,ف أ م ٨ ٣ ١ ٧
206.jpg,د ل ٨ ٤ ٥ ٨
207.jpg,ر ب ج ٥ ٨ ١
208.jpg,س ف ٧ ١ ٩ ٨
209.jpg,ف ب أ ٨ ٣ ٤ ٦
21.jpg,ع ل ى ٨ ٨ ٨
210.jpg,ه ن ٦ ٩ ١ ٨
211.jpg,س ف ٧ ٢ ٤ ٣
212.jpg,ج ى ب ١ ١ ١
213.jpg,أ أ أ ٤ ٤ ٤ ٤
214.jpg,د ف ص ١ ٤ ٧ ٩
215.jpg,ف ج ل ١ ٩ ٦ ٥
216.jpg,م م ١
217.jpg,ج ن ن ٦ ٦ ٦ ٦
218.jpg,ف ب ه ٩ ٢ ٨ ٣
219.jpg,ف ع ٢ ٦ ٧ ٧
22.jpg,ر ع ب ٧ ٧ ٧
220.jpg,ب ى ب ١ ٢ ٣
221.jpg,س ج ج ٥ ٥ ٥ ٥
222.jpg,ق م ٩ ٦ ٤ ٩
223.jpg,ن أ ٢ ٨ ٧ ٦
224.jpg,ج ى ٧ ٧ ٢ ٣
225.jpg,ف ى ص ١ ٤ ٥ ٣
226.jpg,ف و ٧ ٦ ٤ ٤
227.jpg,م م ١
228.jpg,أ و م ٧
229.jpg,ف ن ص ٤ ٢ ٥ ٦
23.jpg,ق ى أ ٦ ٨ ٢ ٩
230.jpg,م م م ١
231.jpg,ف ف ف ٩ ٩ ٩ ٩
232.jpg,ف د ن ٢ ٨ ٤ ٥
233.jpg,س و ى ٤ ٣ ٢ ١
234.jpg,م ل ط ٢ ٣ ٥
235.jpg,ج ف أ ٨ ٩ ٤ ٥
236.jpg,ل ١
237.jpg,ف ه ٣ ٩ ٨ ٥
238.jpg,س ق م ١ ٧ ٩ ٤
239.jpg,م م ٣ ٣ ٣ ٣
24.jpg,ب و ط ١ ٦ ٤ ٣
240.jpg,ب ط ل ١ ١ ١
241.jpg,ب ط ل ٥ ٥ ٥ ٥
242.jpg,ف ج ل ٢ ١ ٧ ٦
243.jpg,ط م ن ٤ ١ ٩ ٥
244.jpg,ل س ل ٤ ٥ ٣
245.jpg,ف ب د ٢ ٦ ٥ ٤
246.jpg,ف أ ن ٤ ٩ ٥ ٢
247.jpg,ط ر ع ٤ ٣ ١ ٨
248.jpg,ل أ ص ٢ ٧ ٥ ٩
249.jpg,ع ج ٢ ١ ٩ ٧
25.jpg,ف س د ٥ ١ ٦ ٤
250.jpg,ن س ر ٥ ٥ ٥ ٥
251.jpg,ف د ط ٣ ٨ ٢ ٥
252.jpg,ط ط ٩ ٩ ٩ ٩
253.jpg,ط ر ى ٣ ٩ ٦ ٢
254.jpg,ف ص ٧ ٣ ٥ ٣
255.jpg,ج ف ٤ ٦ ٤ ٨
256.jpg,ن ج م ٦ ٦ ٦ ٦
257.jpg,ف ب ه ٥ ١ ٩ ٢
258.jpg,و ق ٩ ٦ ٨ ٣
259.jpg,ف ر ع ٦ ٩ ٥
26.jpg,أ ى ص ٧ ٣ ٤ ١
260.jpg,م و ه ٦ ٦ ٦ ٦
261.jpg,ر و ٧ ٦ ٦ ٤
262.jpg,ف و ف ٢ ٧ ٦
263.jpg,ل ن د ٧ ٩ ٣ ٨
264.jpg,ل ف ط ٧ ٥ ١ ٦
265.jpg,ف ف ٦ ٥ ٦ ٥
266.jpg,أ ر ق ٨ ٣ ٤ ٥
267.jpg,ق ج ب ٤ ٥ ٨ ٣
268.jpg,ق ج ب ٤ ٥ ٨ ٣
269.jpg,ط ر ع ٤ ٣ ١ ٨
27.jpg,ل ب م ٥ ١ ٩ ٨
270.jpg,و ١ ١
271.jpg,س س س ٤ ٧ ٧ ٧
272.jpg,ف ه ر ٧ ٥ ١ ٣
273.jpg,م ب ع ٤ ٩ ٥ ٧
274.jpg,و ق ٣ ٩ ٣ ٢
275.jpg,س ى ف ١
276.jpg,ف ج ط ١ ٥ ٢ ٨
277.jpg,و أ ع ٣ ٥ ٤
278.jpg,س ص ج ٩ ٤ ٦ ١
279.jpg,ج م ل ١
28.jpg,ط ر ى ٢ ٧ ٦
280.jpg,ر ج ١ ٤ ١ ٦
281.jpg,ق ل ب ١ ١ ١ ١
282.jpg,ص ن ع ٣ ٤ ٦
283.jpg,ر ى س ٦ ٦ ٦ ٦
284.jpg,ج و د ١ ١ ١ ١
285.jpg,ف ع ٢ ٦ ٧ ٧
286.jpg,ع س ص ٦ ٥ ٧ ٩
287.jpg,ص و ق ٧ ٦ ٢
288.jpg,ف ج ل ١ ٩ ٦ ٥
289.jpg,س ع د ١ ١ ١ ١
29.jpg,ع ط أ ٦ ٦ ٦ ٦
290.jpg,ر و ٤ ٤ ٢ ٨
291.jpg,ب ى و ٢ ٧ ٤ ٩
292.jpg,ف ق ط ٧ ٤ ٢ ٣
293.jpg,ف د ط ٩ ٧ ٣ ٢
294.jpg,ع م م ١
295.jpg,ف ن ص ٤ ٢ ٥ ٦
296.jpg,س أ أ ٦ ٣ ٩ ٢
297.jpg,ر ف و ١ ٩ ٦ ٢
298.jpg,ن ى ق ٥ ٢ ١
299.jpg,أ ١
3.jpg,ب ج س ٣ ٨ ٤ ٥
30.jpg,ل ر ص ٣ ٧ ١ ٨
300.jpg,ق أ ٧ ٤ ٥ ٤
301.jpg,ر ر ر ١ ١ ١
302.jpg,م ج ص ٥ ٧ ٨
303.jpg,ف ج س ٩ ٨ ٧ ٣
304.jpg,أ ق ٩ ١ ٥ ٤
305.jpg,ف ر ط ٦ ١ ٤ ٧
306.jpg,ج م ٢ ٤ ٦ ٧
307.jpg,ط ر ى ٣ ٩ ٦ ٢
308.jpg,د د د ٨ ٨ ٨
309.jpg,ن م ل ٣ ٤ ٥
31.jpg,ل ١
310.jpg,ن و ر ٥ ٥ ٥ ٥
311.jpg,ص و ق ٧ ٦ ٢
312.jpg,أ و ل ١
313.jpg,ط د ى ٥ ٨ ٢
314.jpg,ج و ١
315.jpg,ل ر ص ٣ ٧ ١ ٨
316.jpg,ب م ١ ٨ ٥ ٢
318.jpg,س ص ج ٩ ٤ ٦ ١
319.jpg,ف ج ط ١ ٥ ٢ ٨
32.jpg,م ل ص ٩ ٣ ٢ ٤
320.jpg,ل ب ج ٧ ٨ ٤ ٦
321.jpg,ف ج ط ٤ ٥ ٣ ٨
322.jpg,ج و ١
323.jpg,د ى ٦ ٤ ٢ ٣
324.jpg,م ى ٦ ٥ ٢ ٨
325.jpg,س ن و ٦ ٦ ٦ ٦
326.jpg,أ أ أ ٩
327.jpg,ر ى ع ٨ ٦ ٣ ٥
328.jpg,س م ب ٥ ٨ ٦
329.jpg,ق ط ٨ ١ ١ ٧
33.jpg,ق ب ٥ ٤ ٢ ٦
330.jpg,م م م ٢ ٢ ٢
331.jpg,ع ع ١ ١ ١ ١
332.jpg,أ ق ج ٣ ٩ ٤ ٧
333.jpg,ف ق ط ٨ ٦ ٥ ٣
334.jpg,ن ج س ٧ ٦ ١
335.jpg,ع أ ه ٩ ١ ٥
336.jpg,ف ى ص ١ ٤ ٥ ٣
337.jpg,س ن ب ٢ ٦ ٤ ٧
338.jpg,س أ م ٦ ٦ ٦ ٦
339.jpg,ط ر م ٥ ٢ ٩ ٢
34.jpg,أ ١ ١ ١
340.jpg,ب ج س ٣ ٨ ٤ ٥
341.jpg,ن ن ١ ١ ٧ ٨
342.jpg,أ ١ ١ ١
343.jpg,د أ أ ٣ ٥ ٧
344.jpg,ى و ٣ ٨ ١ ٣
345.jpg,أ س د ١ ١ ١ ١
346.jpg,ج م ل ١
347.jpg,ر ر ر ٣ ٣ ٣ ٣
348.jpg,ع ن ه ١ ٦ ٨
349.jpg,ف ف ٦ ٥ ٦ ٥
35.jpg,ج ق ٤ ٦ ٤ ٨
350.jpg,ل ب ب ٥ ٩ ١
351.jpg,ج ج ج ٥ ٥ ٥ ٥
352.jpg,ل ع د ٤ ١ ٦ ٨
353.jpg,ف ج س ٩ ٨ ٧ ٣
354.jpg,أ ب ف ٢ ٩ ٧ ٣
355.jpg,س ق أ ٤ ٣ ٣ ٧
356.jpg,س س س ٦ ٦ ٦
357.jpg,ط أ ٣ ١ ٧ ٦
358.jpg,ف ص ب ٥ ١ ٧
359.jpg,ط ر ب ٦ ٤ ٣ ١
36.jpg,ر ب ص ١ ٥ ٩
360.jpg,س ف ٧ ٢ ٤ ٣
361.jpg,ر ج ب ٥ ٥ ٥
362.jpg,ل ف ط ٧ ٥ ١ ٦
363.jpg,ف ج ط ١ ٥ ٢ ٨
364.jpg,ج ب ل ١ ١ ١ ١
365.jpg,ل ف ط ٧ ٥ ١ ٦
366.jpg,أ ١
367.jpg,ط ط ٥ ٤ ٨ ٩
368.jpg,م ج ه ٤ ٥ ٣ ٩
369.jpg,ى ١
37.jpg,س أ م ٦ ٦ ٦ ٦
370.jpg,ب ى و ٢ ٧ ٤ ٩
371.jpg,أ ط ى ٤ ٢ ٨ ١
372.jpg,ع م م ١
373.jpg,أ ب ف ٢ ٩ ٧ ٣
374.jpg,ه ١
375.jpg,أ ع ١
376.jpg,ف ج ل ٤ ١ ٨ ٣
377.jpg,س س س ٤ ٧ ٧ ٧
378.jpg,س و س ١ ١ ١ ١
379.jpg,ن س ر ٥ ٥ ٥ ٥
38.jpg,ع ص و ٤ ٨ ١ ٩
380.jpg,ل ج د ٦ ٨ ٧ ٩
381.jpg,ب ر د ٦ ١ ٧
382.jpg,ل ن ع ٢ ٧ ٨
383.jpg,أ د م ١ ١ ١ ١
384.jpg,ط ر ب ٦ ٤ ٣ ١
385.jpg,م أ ه ٦ ٨ ١
386.jpg,ف ق ى ١ ١ ١ ١
387.jpg,د ف ١ ٧ ٥ ٥
388.jpg,د ه ٩ ٩ ٨ ١
389.jpg,أ ه ص ١ ٤ ٧
39.jpg,د ل ٨ ٤ ٥ ٨
390.jpg,ط ر د ٤ ٨ ٥ ٣
391.jpg,ف أ ل ٦ ٢ ٣
392.jpg,أ ه م ١
393.jpg,ص و ق ٦ ٤ ٧
394.jpg,ج ر ه ٤ ٥ ٧ ٢
395.jpg,ف س د ٩ ٢ ١ ٤
396.jpg,ع ق و ٨ ٩ ٢ ٣
397.jpg,ص ق ط ٤ ٧ ٩ ١
398.jpg,م ن ٥ ٩ ٦ ٢
399.jpg,ل م د ٦ ٥ ١ ٧
4.jpg,ف ع ط ١ ٢ ٨ ٧
40.jpg,ج ع ٢ ٨ ٦ ٧
400.jpg,ع ه ٤ ٨ ٩ ٧
401.jpg,ع ق ٩ ٣ ٣ ١
402.jpg,ف ن ر ٩ ٧ ١ ٥
403.jpg,م ب ع ٤ ٩ ٥ ٧
404.jpg,ه ١
405.jpg,ب ى و ٢ ٧ ٤ ٩
406.jpg,س ن و ٦ ٦ ٦ ٦
407.jpg,س ف ٧ ١ ٩ ٨
408.jpg,ع ل ط ٧ ٢ ١ ٨
409.jpg,ر ع ص ٧ ٤ ٨
41.jpg,د ل أ ٧ ٧ ٧ ٧
410.jpg,ف أ ى ٧ ٢ ٣ ٩
411.jpg,ف ق ى ١ ١ ١ ١
412.jpg,ع أ ه ٩ ١ ٥
413.jpg,و ى ٤ ١ ٧ ٥
414.jpg,س س س ١ ٩ ٩ ١
415.jpg,و ى ر ٢ ٣ ٨ ٦
416.jpg,ل ى س ٩ ٧ ٢ ٦
417.jpg,ل ق ٩ ٧ ٩ ٦
418.jpg,أ ج م ٥ ٤ ١ ٢
419.jpg,م ن س ٧ ٦ ١
42.jpg,م ف ص ٩ ٤ ٥
420.jpg,م ف ص ٩ ٤ ٥
421.jpg,س ى د ٦ ٦ ٦
422.jpg,ف ج ل ٤ ١ ٨ ٣
423.jpg,ف د ل ٢ ٥ ١ ٣
424.jpg,ر و ق ٦ ٦ ٦ ٦
425.jpg,ن ن ن ٤ ٤ ٤
426.jpg,ص ى ج ٧ ٦ ٨ ٣
427.jpg,أ د ٢ ٦ ٥ ٧
428.jpg,ط ج ج ٩ ٧ ١ ٥
429.jpg,ف ق ص ٢ ٨ ٣ ٤
43.jpg,ى ه ٨ ٢ ٩ ٤
430.jpg,ل ى س ٩ ٧ ٢ ٦
431.jpg,ب ب ١
432.jpg,ف ر ط ٤ ٥ ٩ ٢
433.jpg,ج ر ه ٤ ٥ ٧ ٢
434.jpg,ل ر ع ٨ ١ ٧ ٩
435.jpg,د ف ص ١ ٤ ٧ ٩
436.jpg,ص ط د ٣ ٧ ١
437.jpg,ف أ ن ٤ ٩ ٥ ٢
438.jpg,أ ١
439.jpg,و ١١
44.jpg,ل ع د ٤ ١ ٦ ٨
440.jpg,ق ل ب ١ ١ ١ ١
441.jpg,أ د م ١ ١ ١ ١
442.jpg,ه ط أ ٥ ٩ ٨ ٢
443.jpg,ف ص ب ٥ ١ ٧
444.jpg,ر ب ص ١ ٥ ٩
445.jpg,ر م ٦ ٣ ٨ ٢
446.jpg,أ ه م ١
447.jpg,ر ج ١ ٤ ١ ٦
448.jpg,ص ن ع ٣ ٤ ٦
449.jpg,ه ى ١ ٦ ٩ ٧
45.jpg,ن ج م ١ ١ ١ ١
450.jpg,م ج ه ٤ ٥ ٣ ٩
451.jpg,ف ر س ٦ ٦ ٦
452.jpg,ف ص ٧ ٣ ٥ ٣
453.jpg,م ن ى ١ ٩ ٨
454.jpg,أ ق ع ٣ ٨ ٩ ١
455.jpg,س ج س ٢ ٣ ٧ ٩
456.jpg,أ ع ١
457.jpg,ف س د  ٩ ٢ ١ ٤
458.jpg,ف ع ط ١ ٢ ٨ ٩
459.jpg,ج و ٧ ٦ ١ ٦
46.jpg,س أ ١
460.jpg,ل ف ط ٧ ٥ ١ ٦
461.jpg,م ه م ٢ ٢ ٢ ٢
462.jpg,ن د أ ٧ ٧ ٧ ٧
463.jpg,م و ٣ ٦ ٤ ٣
464.jpg,ج و ٧ ٦ ١ ٦
465.jpg,ط ر ر ٩ ٢ ٣
466.jpg,ف أ ى  ٨ ١ ٧ ٩
467.jpg,د ع ٣ ٣ ٧ ٩
468.jpg,ب ن ١ ٤ ٥ ٨
469.jpg,أ ط ج ٤ ٩ ٨ ٦
47.jpg,ل أ ص ٢ ٧ ٥ ٩
470.jpg,ق م س ٧ ٩ ٤ ٢
471.jpg,س أ م ٦ ٦ ٦ ٦
472.jpg,ل ط ج ٧ ٦ ٥ ٤
473.jpg,ن ص ر ١ ١ ١ ١
474.jpg,ط ل ق ٦ ٦ ٦
475.jpg,س ع ر ١ ٧ ٨ ٧
476.jpg,ع ف ى ٨ ٣ ٢ ٥
477.jpg,ف ق ط ٧ ٤ ٢ ٣
478.jpg,م ه م ٢ ٢ ٢ ٢
479.jpg,ج ر ج ٥ ٢ ٣
48.jpg,ج ر ه ٢ ٧ ٦ ٨
480.jpg,ف ن ر ٥ ٩ ٧ ٨
481.jpg,ن و ر ٤ ٤ ٤
482.jpg,ص ص ص ٦ ٦ ٦
483.jpg,ف ج ط ٦ ٢ ٨ ٣
484.jpg,س و ى ٤ ٣ ٢ ١
485.jpg,س ن ب ٢ ٦ ٤ ٧
486.jpg,ق س أ ٢ ٥ ٢ ١
487.jpg,ج ع ه ٤ ٨ ٣
488.jpg,ط ر م ٥ ٢ ٩ ٢
489.jpg,ن ع ٩ ٨ ٣ ١
49.jpg,ف ر ط ٦ ١ ٤ ٧
490.jpg,م و أ ٥ ٦ ٢ ٤
491.jpg,ر ى س ٦ ٦ ٦ ٦
492.jpg,ص ر ى ٣ ٥ ١ ٢
493.jpg,ق ل ق ٦ ٦ ٦ ٦
494.jpg,ل م د ٦ ٥ ١ ٧
495.jpg,ق ص ب ٦ ٣ ٤
496.jpg,ص ص ١ ١
497.jpg,د أ ٢ ٢ ٦ ٣
498.jpg,م م م ٢ ٢ ٢
499.jpg,ق ن ه ١ ٧ ٢ ٦
5.jpg,ن ق ٧ ٤ ٢ ١
50.jpg,ف ن ر ٨ ٩ ٥ ٧
500.jpg,ف د ل ٢ ٥ ١ ٣
501.jpg,ج ج ج ٥ ٥ ٥ ٥
502.jpg,أ س د ٢
503.jpg,ج ف أ ٨ ٩ ٤ ٥
504.jpg,ف ب ن ٥ ٣ ٨ ٢
505.jpg,ف ق ط ٨ ٦ ٥ ٣
506.jpg,م د ه ٩ ٣ ٧ ٨
507.jpg,ن د أ ٧ ٧ ٧ ٧
508.jpg,ه و ٧ ٦ ٥ ٩
509.jpg,س م ٦ ٦ ٦ ٦
51.jpg,ل س ل ٤ ٥ ٣
510.jpg,ب و ٦ ٦ ٤ ٧
511.jpg,ف د ط ٣ ٨ ٢ ٥
512.jpg,ر ع ط ٤ ٣ ٧
513.jpg,ف أ ل ٦ ٢ ٣
514.jpg,س س س ١ ٩ ٩ ١
515.jpg,س س س ٦ ٦ ٦
516.jpg,س ج د ٣ ١ ٥ ١
517.jpg,أ ه م ١
518.jpg,ى ط ٥ ٨ ٣ ٤
519.jpg,ف و س ٨ ٥ ٦ ٩
52.jpg,ه م ٧ ٨ ٩ ٦
520.jpg,ج ب ل ١ ١ ١ ١
521.jpg,ه ق ٥ ٣ ٩ ٩
522.jpg,ن ب ٩ ٨ ٩ ٥
523.jpg,و ط ن ١
524.jpg,ق ط ٨ ١ ١ ٧
525.jpg,م د ه ٩ ٣ ٧ ٨
526.jpg,و ١ ١
527.jpg,ط ق ٦ ٦ ٢ ١
528.jpg,ق ب ط ٩ ٣ ١
529.jpg,ر ر ر ٣ ٣ ٣ ٣
53.jpg,د د د ٨ ٨ ٨
530.jpg,ع س ط ٤ ٢ ١ ٥
531.jpg,م ه ٦ ٨ ٦ ١
532.jpg,ج م ٢ ٤ ٦ ٧
533.jpg,م س ر ١ ١ ١ ١
534.jpg,ج ن ب ١ ٩ ٧
535.jpg,ع ص و ٤ ٨ ١ ٩
536.jpg,ف ه ر ٧ ٥ ١ ٣
537.jpg,ص ج أ ٤ ٦ ٦ ١
538.jpg,د ١
539.jpg,ب ر د ٦ ١ ٧
54.jpg,ج د ٥ ٣ ٢ ٣
540.jpg,ر ع ص ٧ ٤ ٨
541.jpg,ف ر ج ٥ ٥ ٥
542.jpg,ه ب ٩ ٢ ٨ ٢
543.jpg,ف أ أ ٨ ٦ ٩ ٣
544.jpg,ر م ٦ ٣ ٨ ٢
545.jpg,ب ع ٣ ٢ ١ ٨
546.jpg,س ج س ٢ ٣ ٧ ٩
547.jpg,ب ب ع ٤ ٨ ١
548.jpg,م و ه ٦ ٦ ٦ ٦
549.jpg,س م ب ٥ ٨ ٦
55.jpg,ف م س ١ ٤ ٧ ٣
550.jpg,ف أ ٦ ٧ ٨ ٤
551.jpg,ن و ر ٥ ٥ ٥ ٥
552.jpg,ط د ى ٢ ٣ ٥
553.jpg,د ى ٦ ٧ ٤ ٨
554.jpg,م ق ب ٦ ٣ ٧ ٨
555.jpg,ج و د ١ ١ ١ ١
556.jpg,ف ن ر ٥ ٩ ٧ ٨
557.jpg,أ و ١ ٣ ٢ ٢
558.jpg,ن ع ٩ ٨ ٣ ١
559.jpg,س م ٦ ٦ ٦ ٦
56.jpg,س ب ع ٥ ٢ ٦ ٣
560.jpg,ع ل ى ٦ ٦ ٦ ٦
561.jpg,ب ط ل ٥ ٥ ٥ ٥
562.jpg,ف ر ط ٤ ٥ ٩ ٢
563.jpg,ن ن ن ٤ ٤ ٤
564.jpg,م ج ١ ١ ١ ١
565.jpg,ج ر ج ٥ ٢ ٣
566.jpg,ب ح ب ٦ ٦ ٦
567.jpg,ج ج ٢
568.jpg,ل ن ع ٢ ٧ ٨
569.jpg,س ع ٩ ١ ٤ ٨
57.jpg,م س م ٧ ٧ ٧
570.jpg,ر ج ١ ٤ ١ ٦
571.jpg,ر ر ر ٣ ٣ ٣ ٣
572.jpg,ق م س ٧ ٩ ٤ ٢
573.jpg,م ل ٥ ٦ ٨ ٣
574.jpg,ف ه ١ ٧ ٦ ٤
575.jpg,ف ب أ ٥ ١ ٩ ٦
576.jpg,ص ج ف ٧ ٥ ٢ ٧
577.jpg,أ س د ١
578.jpg,ى ١
579.jpg,أ أ أ ٧ ٧ ٧ ٧
58.jpg,م م م ١
580.jpg,د ف ١ ٧ ٥ ٥
581.jpg,ط ل و ٩ ٧ ٩ ٣
582.jpg,ق ج ه ٥ ٤ ١ ٢
583.jpg,و ع ج ٧ ١ ٦ ٣
584.jpg,ر ى ع ٨ ٦ ٣ ٥
585.jpg,ن و ٢ ٩ ٣ ١
586.jpg,ق ص ب ٦ ٣ ٤
587.jpg,ع ل ط ٧ ٢ ١ ٨
588.jpg,م س و ٥ ٧ ١
589.jpg,ق و ٧ ٢ ٧ ٦
59.jpg,ص ب ط ٥ ٤ ٨ ١
590.jpg,ص أ ه ٥ ٧ ٨
591.jpg,ف ر د ٣ ٥ ٢ ٩
592.jpg,ج ب ل ١
593.jpg,ر ر ر ١ ١ ١
594.jpg,ى ج ٥ ٢ ٩ ٦
595.jpg,م ى ٢ ١ ٤ ٢
596.jpg,ف ق ط ٨ ٢ ٩ ٣
597.jpg,م م ٣ ٣ ٣ ٣
598.jpg,ف ع ع ٦ ٧ ١
599.jpg,ط و ٤ ٥ ٤ ٢
6.jpg,ج ط ج ٦ ٥ ٢
60.jpg,ف ق ص ٢ ٨ ٣ ٤
600.jpg,ع ع ٢
601.jpg,ى ج ٥ ٢ ٩ ٦
602.jpg,ج د ٥ ٣ ٢ ٣
603.jpg,م د أ ٥ ٦ ٩ ٤
604.jpg,و ق ٩ ٦ ٨ ٣
605.jpg,ن ن ن ٦ ٦ ٦ ٦
606.jpg,أ و ١ ٣ ٢ ٢
607.jpg,س ر ع ٦ ٥ ٨ ٤
608.jpg,أ ق ج ٣ ٩ ٤ ٧
609.jpg,م ١ ١ ١
61.jpg,ج ر ه ٢ ٧ ٦ ٨
610.jpg,س ج د ٣ ١ ٥ ١
611.jpg,س ى د ١ ١ ١ ١
612.jpg,ف ر ص ٩ ٥ ٤ ١
613.jpg,ه ١
614.jpg,م ل ط ١ ٢ ٧
615.jpg,أ ل ج ٧ ٧ ٧ ٧
616.jpg,م ج ٧ ٤ ٧ ٢
617.jpg,م ج ٩ ٥ ٦ ٨
618.jpg,م ى ٢ ١ ٤ ٢
619.jpg,ق ج ع ٢ ٧ ٩
62.jpg,ط ل ق ٦ ٦ ٦
620.jpg,ب ن ١ ٤ ٥ ٨
621.jpg,د أ ل ٧ ٧ ٧ ٧
622.jpg,د ١
623.jpg,ف ن ر ٨ ٩ ٥ ٧
624.jpg,ف أ م ٨ ٣ ١ ٧
625.jpg,ب أ ر ٩ ٤ ١
626.jpg,أ ق و ٧ ١ ٦ ٩
627.jpg,م ١ ١ ١
628.jpg,ى ن ٤ ٦ ١ ٧
629.jpg,م ل ط ١ ٢ ٧
63.jpg,د ١
630.jpg,ف د ط ٢ ٨ ٤ ٥
631.jpg,ق ط أ ٧ ٥ ٧ ١
632.jpg,ل ق د ٣ ٨ ٩ ٦
633.jpg,ف ن ص ٤ ٢ ٥ ٦
634.jpg,س ق أ ٤ ٣ ٣ ٧
635.jpg,س ط د ٣ ٧ ١
636.jpg,د أ ٣ ٨ ٤ ٣
637.jpg,م ه ٦ ٨ ٦ ١
638.jpg,ق ه ١ ٧ ٤ ٩
639.jpg,ن ج م ٦ ٦ ٦ ٦
64.jpg,ر ع ب ٧ ٧ ٧
640.jpg,ر ر ر ٣ ٣ ٣ ٣
641.jpg,ل ى س ٩ ٧ ٢ ٦
642.jpg,ط ر د ٤ ٨ ٥ ٣
643.jpg,ق م ر ٤ ٤ ٤
644.jpg,س م ر ٦ ٦ ٦
645.jpg,د ق ٥ ٤ ٧ ٣
646.jpg,س ع ٩ ١ ٤ ٨
647.jpg,ف أ م ٦ ٢ ١ ٥
648.jpg,س ر ه ٨ ٧ ٣
649.jpg,ف ب أ ١ ٨ ٣ ٧
65.jpg,م ن ٥ ٩ ٦ ٢
650.jpg,و ع ٤ ٧ ٣ ٥
651.jpg,ص ج أ ٤ ٦ ٥ ٤
652.jpg,س ع ر ١ ٧ ٨ ٧
653.jpg,ب أ ر ٩ ٤ ١
654.jpg,ل ق ط ٧ ٥ ١ ٦
655.jpg,ع ف ى ٨ ٣ ٢ ٥
656.jpg,م ل ٣ ٥ ٣ ٩
657.jpg,ن ج س ٧ ٦ ١
658.jpg,س ق ط ٤ ٧ ١ ١
659.jpg,د ه ٩ ٩ ٨ ١
66.jpg,ج و ٧ ٦ ١ ٦
660.jpg,د ى ٦ ٤ ٢ ٣
661.jpg,ف و س ٨ ٥ ٦ ٩
662.jpg,ب ى ب ١ ٢ ٣
663.jpg,ر و ٧ ٦ ٦ ٤
664.jpg,ل ع د ٩ ١ ٤ ٨
665.jpg,ل س د ٩ ٢ ٦ ٧
666.jpg,ن ج م ١ ١ ١ ١
667.jpg,ن س ر ٧ ٧ ٧ ٧
668.jpg,م م م ١
669.jpg,ق ب ر ٧ ٨ ٤
67.jpg,ق ج ب ٦ ٤ ٢ ٨
670.jpg,ج ج ٢
671.jpg,ق ه ١ ٧ ٤ ٩
672.jpg,ق س أ ٢ ٥ ٢ ١
673.jpg,ط ق أ ٤ ١ ٨ ٥
674.jpg,ط ط ٥ ٤ ٨ ٩
675.jpg,ر ى س ٤ ٤ ٤
676.jpg,س م ٦ ٦ ٦ ٦
677.jpg,ل ط ه ٣ ٩ ٦
678.jpg,أ ج ٧ ٢ ٨ ٨
679.jpg,ج ب ف ٣ ٧ ٢ ٨
68.jpg,ع ى ط ٧ ٨ ٢
680.jpg,م د ه ٩ ٣ ٧ ٨
681.jpg,د أ ٢ ٢ ٦ ٣
682.jpg,ل ب م ٥ ١ ٩ ٨
683.jpg,ف ه د ٦ ٦ ٦ ٦
684.jpg,س م ر ٦ ٦ ٦
685.jpg,ج ق ع ٢ ٧ ٩
686.jpg,د ١
687.jpg,ل ف ط ٧ ٥ ١ ٦
688.jpg,م ج ١ ١ ١ ١
689.jpg,ر ج ١ ٤ ١ ٦
69.jpg,ى ع ط ٧ ٤ ٦
690.jpg,ع أ ١ ٩ ٨ ٤
691.jpg,أ س ج ٦ ٧ ٦ ٧
692.jpg,ن ص ر ١ ١ ١ ١
693.jpg,ل ف ط ٧ ٥ ١ ٦
694.jpg,ن س ر ٨ ٨ ٨
695.jpg,ى ه ٨ ٢ ٩ ٤
696.jpg,ن س ر ٨ ٨ ٨
697.jpg,ى ع ط ٧ ٤ ٦
698.jpg,ق و ل ٥ ٤ ٨ ٩
699.jpg,ج ن ن ٦ ٦ ٦ ٦
7.jpg,ف ف ف ٩ ٩ ٩ ٩
70.jpg,م ل ٣ ٥ ٣ ٩
700.jpg,ق ج ه ٥ ٤ ١ ٢
701.jpg,ط ر ع ٧ ٨ ٦ ٩
702.jpg,ف ج ط ٩ ٤ ٧ ٨
703.jpg,ل ق ٩ ٧ ٩ ٦
704.jpg,ص أ ه ٥ ٧ ٨
705.jpg,ع ع ١ ١ ١ ١
706.jpg,ه ن ٦ ٩ ١ ٨
707.jpg,ف ب ه ٥ ١ ٩ ٢
708.jpg,ى و ر ٩ ٣ ٢ ٦
709.jpg,ع ل ى ٩ ٩ ٩ ٩
71.jpg,ف ب أ ٥ ١ ٩ ٦
710.jpg,أ م ى ١ ١ ١
711.jpg,ف ج ط ٩ ٤ ٧ ٨
712.jpg,ف ع س ٦ ٥ ١ ٨
713.jpg,ى و ر ٩ ٣ ٢ ٦
714.jpg,ط د ى ٥ ٨ ٢
715.jpg,ع أ ى ٣ ٧ ٨ ٩
716.jpg,ر ر ر ٥ ٥ ٥
717.jpg,ج ب ف ٣ ٧ ٢ ٨
718.jpg,د أ ٢ ٣ ٨ ١
719.jpg,ف ب ن ٥ ٣ ٨ ٢
72.jpg,ر ع ب ١ ٦ ٥ ٩
720.jpg,س ج ج ٥ ٥ ٥ ٥
721.jpg,ن س ر ٨ ٨ ٨
722.jpg,أ أ أ ٩
723.jpg,ع ج ٥ ٥ ٥ ٥
724.jpg,ب ط ل ١ ١ ١
725.jpg,ف ر س ٩ ٥ ٤ ١
726.jpg,و ع ٤ ٧ ٣ ٥
727.jpg,و ط ن ١
728.jpg,س ع د ١ ١ ١ ١
729.jpg,ف ه ٣ ٩ ٨ ٥
73.jpg,م أ ه ٦ ٨ ١
730.jpg,أ ع ١
731.jpg,ف د ط ١ ٧ ٥ ٦
732.jpg,أ س د ١ ١ ١ ١
733.jpg,ر ر ر ١ ١ ١
734.jpg,ب ى و ٢ ٧ ٤ ٩
735.jpg,ه ر م ١ ١ ١
736.jpg,ب ع ٣ ٢ ١ ٨
737.jpg,م ل ص ٩ ٣ ٢ ٤
738.jpg,ف ف ع  ٧ ٣ ١
739.jpg,ق ى ٣ ٣ ٤ ٨
74.jpg,ط ط ٩ ٩ ٩ ٩
740.jpg,ع ق ٩ ٣ ٣ ١
741.jpg,ص و ق ٦ ٤ ٧ 
742.jpg,د ١
743.jpg,ن و ٢ ٩ ٣ ١
744.jpg,ف ر س ٦ ٦ ٦
745.jpg,ف ر س ٦ ٦ ٦
746.jpg,ب ب ١
747.jpg,ع ل ى ٦ ٦ ٦ ٦
748.jpg,ط أ ٣ ١ ٧ ٦
749.jpg,م س ر ١ ١ ١ ١
75.jpg,ل ف ط ٧ ٥ ١ ٦
750.jpg,أ ل ج ٧ ٧ ٧ ٧
751.jpg,أ ع ١
752.jpg,أ ع ١
753.jpg,و ١ ١
754.jpg,ف ه ٣ ٩ ٨ ٥
755.jpg,أ ق و ٧ ١ ٦ ٩
756.jpg,ق م ٩ ٦ ٤ ٩
757.jpg,ن ع ه ٣ ٢ ٥
758.jpg,م ل ط ٢ ٣ ٥
759.jpg,ق ب ٥ ٤ ٢ ٦
76.jpg,ف ر ج ٥ ٥ ٥
760.jpg,ه و ٧ ٦ ٥ ٩
761.jpg,ن أ ٢ ٨ ٧ ٦
763.jpg,ف ه ر ٧ ٥ ١ ٣
764.jpg,م ج ص ٥ ٧ ٨
765.jpg,و ع ج ٧ ١ ٦ ٣
766.jpg,ل و ل ٥ ٥ ٥
767.jpg,ل ط ج ٧ ٦ ٥ ٤
768.jpg,ر ع ط  ٤ ٣ ٧
769.jpg,س ب ع ٥ ٢ ٦ ٣
77.jpg,أ ق ٩ ١ ٥ ٤
770.jpg,ق ط أ ٧ ٥ ٧ ١
771.jpg,س أ م ٦ ٦ ٦ ٦
772.jpg,م ص ٥ ١ ٨ ٦
773.jpg,ص ب ط ٥ ٤ ٨ ١
774.jpg,أ م ى ١ ١ ١
775.jpg,ل ى س ٩ ٧ ٢ ٦
776.jpg,ل أ ص  ٩ ٥ ٢ ٣
777.jpg,ب م ١ ٨ ٥ ٢
778.jpg,س د ع ٦ ٥ ٨ ٤
779.jpg,ر ر ر ١ ١ ١
78.jpg,س ى ف ١
780.jpg,م ع ١
781.jpg,د ف ل ٦ ٦ ٦
782.jpg,ج ع ٢ ٨ ٦ ٧
783.jpg,د ص ٨ ٢ ٧ ١
784.jpg,ط م ن ٤ ١ ٩ ٥
785.jpg,ق و ٧ ٢ ٧ ٦
786.jpg,ق م ر ٤ ٤ ٤
787.jpg,ن ف ٣ ٣ ٣ ٣
788.jpg,ه م ٧ ٨ ٩ ٦
789.jpg,ف ر د ٣ ٥ ٢ ٩
79.jpg,ف ن ر ٩ ٧ ١ ٥
790.jpg,ف د ط ٩ ٧ ٣ ٢
791.jpg,و ط ن ١
792.jpg,د ن ٥ ٩ ١ ٨
793.jpg,ن ج م ٦ ٦ ٦ ٦
794.jpg,ج ط ج ٦ ٥ ٢
795.jpg,م و ٣ ٦ ٤ ٣
796.jpg,د أ ٢ ٣ ٨ ١
797.jpg,ف ج ل ١ ٢ ٣ ٨
798.jpg,ع ط أ ٦ ٦ ٦ ٦
799.jpg,ج ن ١ ١ ١ ١
8.jpg,ف ر س ٦ ٦ ٦
80.jpg,أ ع ١
800.jpg,ل ف ط ٧ ٥ ١ ٦
801.jpg,ص ج ف ٧ ٥ ٢ ٧
802.jpg,ع أ ١ ٣ ٣ ٥
803.jpg,أ س د ٢
804.jpg,ل ف ط ٧ ٥ ١ ٦
805.jpg,ط ر أ ٢ ٥ ١ ٥
806.jpg,ى ١
807.jpg,ع ق و ٨ ٩ ٢ ٣
808.jpg,أ ن س ٤ ١ ٣ ٧
809.jpg,ع م ط ٦ ٧ ١ ٤
81.jpg,س أ أ ٦ ٣ ٩ ٢
810.jpg,ج ع ه ٤ ٨ ٣
811.jpg,ن س ر ٨ ٨ ٨
812.jpg,أ و ل ١
813.jpg,د ن ل ٤ ٩ ٢
814.jpg,أ ر ق ٨ ٣ ٤ ٥
815.jpg,ع ر ب ١
816.jpg,ف ب ر ٢ ٦ ٥ ٤
817.jpg,د ف ل ٦ ٦ ٦
818.jpg,ج ى ٧ ٧ ٢ ٣
819.jpg,ص ج ٤ ٦ ٦ ١
82.jpg,ى ١
820.jpg,و أ ع ٣ ٥ ٤
821.jpg,أ س د ٨ ٨ ٨
822.jpg,م س و ٥ ٧ ١
823.jpg,ق ل ق ٦ ٦ ٦ ٦
824.jpg,س و س ١ ١ ١ ١
825.jpg,ج ن ١ ١ ١ ١
826.jpg,أ أ ١ ١ ١ ١
827.jpg,أ ن س ١
828.jpg,ج ب ل ١
829.jpg,ج ى ب ١ ١ ١
83.jpg,ر ع ب ١ ٦ ٥ ٩
830.jpg,أ ن س ٤ ١ ٣ ٧
831.jpg,ف ع س ٦ ٥ ١ ٨
832.jpg,ه ب ٩ ٢ ٨ ٢
833.jpg,ف أ ٦ ٧ ٨ ٤
834.jpg,ل ط ج ٧ ٦ ٥ ٤
835.jpg,م ل ١
836.jpg,أ ى ص ٧ ٣ ٤ ١
837.jpg,ع ل ى ٩ ٩ ٩ ٩
838.jpg,ط ق ٦ ٦ ٢ ١
839.jpg,ف ر ع ٦ ٩ ٥
84.jpg,ف ه ٣ ٩ ٨ ٥
840.jpg,ق ق ق ٨ ٨ ٨ ٨
841.jpg,ب ح ب ٦ ٦ ٦
842.jpg,م ل ٥ ٦ ٨ ٣
843.jpg,ى ط ٦ ٧ ٨ ٧
844.jpg,م ه م ٦ ٦ ٦
845.jpg,أ ق ع ٣ ٨ ٩ ١
846.jpg,ع ج ٢ ١ ٩ ٧
847.jpg,أ ه م ١
848.jpg,ف ب أ ٨ ٣ ٤ ٦
849.jpg,ه ط أ ٥ ٩ ٨ ٢
85.jpg,ق ب ر ٧ ٨ ٤
850.jpg,ل ر ع ٨ ١ ٧ ٩
851.jpg,ع م ر ٩ ٩ ٩ ٩
852.jpg,ف أ ى ٧ ٢ ٣ ٩
853.jpg,ف ع ع ٦ ٧ ١
854.jpg,ر ج ب ٥ ٥ ٥
855.jpg,أ أ ج ٨ ٧ ٦ ٩
856.jpg,ل ن ع ٢ ٧ ٨
857.jpg,ن و ر ٤ ٤ ٤
858.jpg,ف ج ل ٢ ١ ٧ ٦
859.jpg,م ه م ٦ ٦ ٦
86.jpg,ق ق ق ٨ ٨ ٨ ٨
860.jpg,ب و ج ٩ ٧ ٤ ٢
861.jpg,ف ن ص ٤ ٢ ٥ ٦
862.jpg,ع أ ١ ٣ ٣ ٥
863.jpg,ع ه ٤ ٨ ٩ ٧
864.jpg,م ط ر ١
865.jpg,ف س د ٥ ١ ٦ ٤
866.jpg,ل ب ب ٥ ٩ ١
867.jpg,ق و ل ٥ ٤ ٨ ٩
868.jpg,س س س ٣ ٣ ٣
869.jpg,ف ه ٣ ٩ ٨ ٥
87.jpg,ف ق ط ٩ ٦ ٣ ٢
870.jpg,أ ج م ٥ ٤ ١ ٢
871.jpg,د ف ل ٦ ٦ ٦
872.jpg,م ل ١
873.jpg,أ د ف ٧ ٨ ٦
874.jpg,ط د ى ٢ ٣ ٥
875.jpg,س ب ٥ ٢ ١ ٤
876.jpg,أ أ ١ ١ ١ ١
877.jpg,م ص ٥ ١ ٨ ٦
878.jpg,أ د ف ٧ ٨ ٦
879.jpg,ن ق ٧ ٤ ٢ ١
88.jpg,ر ر ر ٥ ٥ ٥
880.jpg,ر ب ل ٩ ٨ ٧ ١
881.jpg,ى ط ٥ ٨ ٣ ٤
882.jpg,و ط ن ١
883.jpg,ف م س ١ ٤ ٧ ٣
884.jpg,ى ط ٦ ٧ ٨ ٧
885.jpg,ن ن ١ ١ ٧ ٨
886.jpg,ص ص ص ٦ ٦ ٦
887.jpg,س ى ف ١
888.jpg,ج و و ١ ١ ١
889.jpg,م ن س ٧ ٦ ١
89.jpg,م ق ب ٦ ٣ ٧ ٨
890.jpg,ن ج م ٦ ٦ ٦ ٦
891.jpg,س ع د ٣ ٣ ٣ ٣
892.jpg,د ى ٦ ٧ ٤ ٨
893.jpg,ف ف ع ٧ ٣ ١
894.jpg,م ن ى ١ ٩ ٨
895.jpg,س و ج ٣ ٢ ١ ٤
896.jpg,ف ل ل ٦ ٥ ١
897.jpg,ه س ص ٢ ٥ ٤
898.jpg,ع ط و ٤ ٨ ٩ ٢
899.jpg,د ى ط ٤ ٣ ٥
9.jpg,ع م ط ٦ ٧ ١ ٤
90.jpg,د أ أ ٣ ٥ ٧
900.jpg,ط د ق ٩ ١ ٨ ٥
901.jpg,ى ص ٥ ١ ٦ ٦
902.jpg,س و ج ٣ ٢ ١ ٤
903.jpg,ن ل ع ١ ٦ ٤
904.jpg,د ف س ٤ ٧ ٦
905.jpg,س ه ه ٧ ١ ٦
906.jpg,أ ج م ٤ ٥ ٣ ٧
907.jpg,أ ر ج ١ ٣ ١ ٨
908.jpg,أ ط ص ٧ ٤ ٩ ٦
909.jpg,ب ص ن ٥ ٦ ٨
91.jpg,ف ق ط ٨ ٢ ٩ ٣
910.jpg,ى و ن ١ ٣ ٤
911.jpg,أ ر ج ١ ٣ ١ ٨
912.jpg,أ ط ع ١ ٦ ٧ ٩
913.jpg,ن ل ع ١ ٦ ٤
914.jpg,ر د ف ١ ٢ ٣
915.jpg,ق ى س ٣ ٨ ٥ ٦
916.jpg,ل ط ن ٨ ٩ ١
917.jpg,م ل م ٥ ٤ ٧
918.jpg,أ د ق ٨ ٣ ٢ ٦
919.jpg,ط ه ن ٤ ١ ٣ ١
92.jpg,ج ن ج ١ ٢ ٥ ٤
920.jpg,ص ب ه ٧ ٤ ٣
921.jpg,ه أ ع ٩ ٨ ٥
922.jpg,ق ف ن ٨ ٦ ١
923.jpg,س ق ج ٦ ٥ ١
924.jpg,ط ه و ٩ ٤ ٦
925.jpg,د أ ط ٢ ٩ ٧
926.jpg,م م ع ٥ ٣ ٤
927.jpg,ب ى ب ٥ ٨ ٩
928.jpg,ق ق ل ٥ ١ ٨
929.jpg,ب م س ٣ ٧ ١
93.jpg,ع ل ى ٨ ٨ ٨
930.jpg,ى ق ع ٥ ١ ٦
931.jpg,أ د ط ٦ ٢ ٣ ١
932.jpg,ق ه ن ٧ ٣ ٥ ١
933.jpg,أ ه ع ٨ ٧ ٥ ١
934.jpg,أ ن ل ١ ٤ ٨ ٢
935.jpg,م ى ط ٥ ٦ ٩
936.jpg,أ ر م ٨ ٣ ٩ ٤
937.jpg,ج ج ه ٨ ٤ ١
938.jpg,ه و و ٧ ٣ ٤
939.jpg,ط د و ٤ ٧ ٢
94.jpg,ق س ل ٩ ٥ ١ ٣
940.jpg,د أ ٣ ٣ ٩ ٥
941.jpg,ص ج و ٣ ٧ ٥
942.jpg,ى د ط ٥ ١ ٤
943.jpg,ط ر ص ٣ ٧ ٧ ٩
944.jpg,ر أ ط ٣ ٤ ٧
945.jpg,ق ط ل ٦ ٣ ٢ ١
946.jpg,س ل ع ٦ ٤ ٣
947.jpg,س ل ط ٦ ٥ ٤ ٢
948.jpg,ر ع ص ٥ ٦ ١
949.jpg,أ ج ل ٧ ٤ ٨ ٣
95.jpg,ع أ ى ٣ ٧ ٨ ٩
950.jpg,ق أ ل ٦ ٣ ٢
951.jpg,ص ق ط ٧ ٥ ٨
952.jpg,أ أ ق ٢ ٩ ٨
953.jpg,ن أ ه ٨ ٢ ٣
954.jpg,أ ل ج ٨ ١ ٤ ٦
955.jpg,ر ب أ ٤ ٣ ٨ ٩
956.jpg,أ ل ج ٨ ١ ٤ ٦
957.jpg,ف ج ج ٢ ٣ ٤
958.jpg,ف ل ل ٦ ٥ ١
959.jpg,ق م ن ١ ٦ ٥
96.jpg,س ى د ٦ ٦ ٦
960.jpg,ب د ن ٣ ٤ ٩
961.jpg,أ د ع ٤ ٨ ٧ ٥
962.jpg,ط د ن ٤ ٧ ١
963.jpg,ص ل أ ٧ ٤ ٩
964.jpg,ه ر أ ٤ ٣ ٩
965.jpg,ر د ف ١ ٢ ٣
966.jpg,أ ج ق ٥ ٦ ٨ ٩
967.jpg,ب د ن ٣ ٤ ٩
968.jpg,ل ف ه ١ ٦ ٣
969.jpg,ج ى ع ٣ ٥ ٩
97.jpg,ط ر ع ٧ ٨ ٦ ٩
970.jpg,و ط د ٦ ٥ ١ ٣
971.jpg,و ر أ ٥ ١ ٣
972.jpg,ب د ن ٣ ٤ ٩
973.jpg,ق و ف ٦ ٣ ٨
974.jpg,أ ف ط ٣ ٧ ٢ ٥
975.jpg,س ر د ٨ ١ ٦ ٧
976.jpg,ى د ل ٥ ٧ ٣
977.jpg,ج ى ع ٣ ٥ ٩
978.jpg,ص ل ى ٩ ٤ ٨
979.jpg,ل ط ن ٨ ٩ ١
98.jpg,ف ه ٣ ٩ ٨ ٥
980.jpg,أ ى ط ٣ ٢ ٦ ٧
981.jpg,ر ج ه ٩ ٣ ٦
982.jpg,أ ل ق ٩ ٧ ٣ ١
983.jpg,س ط د ٤ ٦ ٧
984.jpg,أ أ ق ٢ ٩ ٨
985.jpg,أ ط ع ٦ ٥ ١ ٩
986.jpg,س ه ه ٧ ١ ٦
987.jpg,ق م س ٨ ٧ ٦
988.jpg,ن ق ٧ ٤ ٨ ١
989.jpg,س ص ق ٧ ٤ ٦
99.jpg,ق ج ب ٦ ٤ ٢ ٨
990.jpg,ر ف ط ٩ ٢ ٧ ١
991.jpg,د أ ط ٢ ٩ ٧
992.jpg,ط د ق ٩ ٨ ٥
993.jpg,أ ل ع ٨ ٦ ١ ٧
994.jpg,أ ب ق ٢ ٣ ٦ ١
995.jpg,ب ق و ٥ ٤ ٧
996.jpg,ن ص ى ٧ ٥ ٣
997.jpg,ع ف أ ٦ ٢ ٨
998.jpg,ل ح ب ٢ ١ ٤
999.jpg,ف ن س ٢ ٤ ٩
